latitude,longitude,id,timestamp
36.9634317,-7.8817433,3,2024-05-02 17:08:26
36.9634317,-7.8817733,3,2024-05-02 17:13:32
36.963265,-7.883795,3,2024-05-02 17:18:35
36.96308,-7.8843917,3,2024-05-02 17:23:40
36.963185,-7.8843433,3,2024-05-02 17:28:45
36.96318,-7.88434,3,2024-05-02 17:33:50
36.9631717,-7.884285,3,2024-05-02 17:38:55
36.9631467,-7.8843033,3,2024-05-02 17:43:59
36.9631233,-7.884315,3,2024-05-02 17:49:04
36.9631533,-7.8843217,3,2024-05-02 17:54:07
36.962785,-7.884475,3,2024-05-02 17:59:11
36.9631,-7.88434,3,2024-05-02 18:04:14
36.9630967,-7.884255,3,2024-05-02 18:09:18
36.9630983,-7.884335,3,2024-05-02 18:14:22
36.963095,-7.8842483,3,2024-05-02 18:19:25
36.9630417,-7.884335,3,2024-05-02 18:24:29
36.9630833,-7.884455,3,2024-05-02 18:29:32
36.963,-7.8845333,3,2024-05-02 18:34:36
36.9630767,-7.8843867,3,2024-05-02 18:39:40
36.9630283,-7.8843467,3,2024-05-02 18:44:43
36.96308,-7.88434,3,2024-05-02 18:49:47
36.9631133,-7.8843833,3,2024-05-02 18:54:52
36.9630883,-7.88436,3,2024-05-02 18:59:56
36.9631317,-7.8843217,3,2024-05-02 19:05:39
36.9630417,-7.8842867,3,2024-05-02 19:10:43
36.96315,-7.8844033,3,2024-05-02 19:15:46
36.9631417,-7.8843917,3,2024-05-02 19:20:50
36.9631917,-7.8842767,3,2024-05-02 19:25:53
36.96315,-7.8844117,3,2024-05-02 19:30:57
36.9631633,-7.88442,3,2024-05-02 19:36:00
36.9632267,-7.8844333,3,2024-05-02 19:41:05
36.9631333,-7.88433,3,2024-05-02 19:46:08
36.96302,-7.8844583,3,2024-05-02 19:51:11
36.963125,-7.8843183,3,2024-05-02 19:56:14
36.96319,-7.88441,3,2024-05-02 20:01:18
36.9628033,-7.8843083,3,2024-05-02 20:06:21
36.963115,-7.8843217,3,2024-05-02 20:11:24
36.963295,-7.8844717,3,2024-05-02 20:16:27
36.9631133,-7.8843167,3,2024-05-02 20:21:32
36.9634283,-7.8846933,3,2024-05-02 20:26:35
36.9631367,-7.8843233,3,2024-05-02 20:31:38
36.9631933,-7.884235,3,2024-05-02 20:36:41
36.9631017,-7.884325,3,2024-05-02 20:41:45
36.9629583,-7.8845133,3,2024-05-02 20:46:48
36.963105,-7.8843533,3,2024-05-02 20:51:51
36.9631683,-7.88413,3,2024-05-02 20:56:54
36.96313,-7.8843033,3,2024-05-02 21:01:58
36.963165,-7.8842817,3,2024-05-02 21:07:41
36.9631233,-7.8843183,3,2024-05-02 21:12:44
36.963095,-7.884265,3,2024-05-02 21:17:47
36.9631533,-7.88425,3,2024-05-02 21:22:51
36.963165,-7.8843367,3,2024-05-02 21:27:54
36.9631517,-7.88428,3,2024-05-02 21:33:00
36.9630783,-7.8843367,3,2024-05-02 21:38:04
36.963105,-7.884325,3,2024-05-02 21:43:07
36.9630883,-7.8843483,3,2024-05-02 21:48:10
36.9630733,-7.8842783,3,2024-05-02 21:53:14
36.9631117,-7.8843133,3,2024-05-02 21:58:17
36.96313,-7.8843267,3,2024-05-02 22:03:20
36.9631167,-7.8843433,3,2024-05-02 22:08:24
36.9631167,-7.8843017,3,2024-05-02 22:13:28
36.963195,-7.8844367,3,2024-05-02 22:18:31
36.9631883,-7.88438,3,2024-05-02 22:23:35
36.9633,-7.8846183,3,2024-05-02 22:28:38
36.9631217,-7.8843467,3,2024-05-02 22:33:43
36.96317,-7.8843983,3,2024-05-02 22:38:47
36.9631783,-7.8844567,3,2024-05-02 22:43:50
36.9632,-7.88445,3,2024-05-02 22:48:56
36.9631483,-7.8843867,3,2024-05-02 22:54:01
36.9631617,-7.8843833,3,2024-05-02 22:59:06
36.96318,-7.88442,3,2024-05-02 23:04:12
36.9631883,-7.88434,3,2024-05-02 23:09:55
36.9631767,-7.8843317,3,2024-05-02 23:14:59
36.9631467,-7.88433,3,2024-05-02 23:20:18
36.9631367,-7.884255,3,2024-05-02 23:25:21
36.9631217,-7.8842783,3,2024-05-02 23:30:24
36.96323,-7.88435,3,2024-05-02 23:35:27
36.963195,-7.8842917,3,2024-05-02 23:40:32
36.9632983,-7.884205,3,2024-05-02 23:45:36
36.9631233,-7.88435,3,2024-05-02 23:50:41
36.963155,-7.884325,3,2024-05-02 23:55:46
36.9632483,-7.88428,3,2024-05-03 00:00:50
36.963155,-7.88438,3,2024-05-03 00:05:54
36.9630867,-7.8843333,3,2024-05-03 00:10:57
36.96306,-7.8843683,3,2024-05-03 00:16:00
36.96314,-7.88435,3,2024-05-03 00:21:04
36.963115,-7.8843283,3,2024-05-03 00:26:08
36.9630683,-7.8843917,3,2024-05-03 00:31:11
36.9631417,-7.884325,3,2024-05-03 00:36:14
36.9630167,-7.8843583,3,2024-05-03 00:41:19
36.963095,-7.8843883,3,2024-05-03 00:46:22
36.9630567,-7.8842433,3,2024-05-03 00:51:25
36.9631883,-7.8843333,3,2024-05-03 00:56:28
36.9631217,-7.8843467,3,2024-05-03 01:01:33
36.9631217,-7.884305,3,2024-05-03 01:06:37
36.9630917,-7.8843417,3,2024-05-03 01:12:20
36.9629883,-7.8842667,3,2024-05-03 01:17:23
36.9631033,-7.88434,3,2024-05-03 01:22:27
36.9632033,-7.88446,3,2024-05-03 01:27:30
36.963075,-7.8842283,3,2024-05-03 01:32:35
36.9631267,-7.88435,3,2024-05-03 01:37:39
36.9629867,-7.8842933,3,2024-05-03 01:42:42
36.9631517,-7.8843567,3,2024-05-03 01:47:46
36.963165,-7.884395,3,2024-05-03 01:52:49
36.9631067,-7.88427,3,2024-05-03 01:57:54
36.9631217,-7.88442,3,2024-05-03 02:02:57
36.9630783,-7.8843867,3,2024-05-03 02:08:01
36.9631933,-7.8843983,3,2024-05-03 02:13:04
36.96303,-7.88429,3,2024-05-03 02:18:08
36.9631183,-7.88435,3,2024-05-03 02:23:11
36.9630867,-7.884335,3,2024-05-03 02:28:14
36.9631083,-7.8842833,3,2024-05-03 02:33:20
36.9631517,-7.8843783,3,2024-05-03 02:38:25
36.963115,-7.88434,3,2024-05-03 02:43:28
36.9630883,-7.8843617,3,2024-05-03 02:48:31
36.9630917,-7.8842717,3,2024-05-03 02:53:34
36.9631133,-7.8842283,3,2024-05-03 02:58:38
36.9631583,-7.8843783,3,2024-05-03 03:03:49
36.9630967,-7.884185,3,2024-05-03 03:08:53
36.963125,-7.8843333,3,2024-05-03 03:14:36
36.9631367,-7.8843467,3,2024-05-03 03:19:40
36.9630933,-7.88433,3,2024-05-03 03:24:44
36.963055,-7.88439,3,2024-05-03 03:29:48
36.9630917,-7.884335,3,2024-05-03 03:34:51
36.9631167,-7.88434,3,2024-05-03 03:39:54
36.9630767,-7.8842617,3,2024-05-03 03:44:57
36.963085,-7.8843017,3,2024-05-03 03:50:01
36.9630067,-7.8843917,3,2024-05-03 03:55:04
36.9631617,-7.88436,3,2024-05-03 04:00:07
36.9631083,-7.8842883,3,2024-05-03 04:05:10
36.96308,-7.88424,3,2024-05-03 04:10:16
36.9606717,-7.883945,3,2024-05-03 04:15:20
36.9629233,-7.88439,3,2024-05-03 04:20:23
36.96291,-7.8843283,3,2024-05-03 04:25:27
36.963055,-7.884345,3,2024-05-03 04:30:31
36.9631633,-7.8843667,3,2024-05-03 04:35:35
36.9630967,-7.8842933,3,2024-05-03 04:40:38
36.96309,-7.88428,3,2024-05-03 04:45:42
36.963055,-7.8842617,3,2024-05-03 04:50:46
36.9631383,-7.8843967,3,2024-05-03 04:55:50
36.9631383,-7.8843783,3,2024-05-03 05:00:53
36.9631133,-7.8843317,3,2024-05-03 05:05:56
36.9630833,-7.8843133,3,2024-05-03 05:11:02
36.9631233,-7.8843017,3,2024-05-03 05:16:45
36.9631533,-7.884265,3,2024-05-03 05:21:49
36.96317,-7.8843067,3,2024-05-03 05:26:53
36.9631417,-7.8842883,3,2024-05-03 05:31:58
36.963165,-7.8842883,3,2024-05-03 05:37:02
36.9631117,-7.8842533,3,2024-05-03 05:42:06
36.96316,-7.8842083,3,2024-05-03 05:47:13
36.9631833,-7.8841667,3,2024-05-03 05:52:19
36.963135,-7.8842567,3,2024-05-03 05:57:25
36.962865,-7.8845483,3,2024-05-03 06:02:34
36.9631533,-7.88419,3,2024-05-03 06:07:39
36.963095,-7.8843033,3,2024-05-03 06:12:44
36.963085,-7.884285,3,2024-05-03 06:17:47
36.96313,-7.884215,3,2024-05-03 06:22:53
36.9631367,-7.88421,3,2024-05-03 06:27:58
36.96311,-7.8842467,3,2024-05-03 06:33:03
36.9631217,-7.8841733,3,2024-05-03 06:38:08
36.9631383,-7.8841417,3,2024-05-03 06:43:14
36.9631783,-7.883815,3,2024-05-03 06:48:17
36.9631283,-7.8842683,3,2024-05-03 06:53:23
36.9630783,-7.884335,3,2024-05-03 06:58:26
36.9631,-7.8842317,3,2024-05-03 07:03:33
36.963105,-7.8841983,3,2024-05-03 07:08:39
36.9630817,-7.8842483,3,2024-05-03 07:13:45
36.9631283,-7.8843417,3,2024-05-03 07:19:28
36.9630417,-7.8842183,3,2024-05-03 07:24:31
36.9631083,-7.8843267,3,2024-05-03 07:29:36
36.9630733,-7.884355,3,2024-05-03 07:34:41
36.9631533,-7.8844067,3,2024-05-03 07:39:47
36.9631667,-7.884405,3,2024-05-03 07:44:52
36.9630817,-7.884315,3,2024-05-03 07:49:58
36.9631017,-7.8843733,3,2024-05-03 07:55:04
36.9630867,-7.8843333,3,2024-05-03 08:00:10
36.96317,-7.8844083,3,2024-05-03 08:05:15
36.963145,-7.8843817,3,2024-05-03 08:10:20
36.9631917,-7.88442,3,2024-05-03 08:15:25
36.9631783,-7.88435,3,2024-05-03 08:20:29
36.9631533,-7.8843867,3,2024-05-03 08:25:34
36.96318,-7.884395,3,2024-05-03 08:30:39
36.9631067,-7.8843583,3,2024-05-03 08:35:44
36.9631267,-7.885075,3,2024-05-03 08:40:50
36.96316,-7.884735,3,2024-05-03 08:45:57
36.9631083,-7.8843333,3,2024-05-03 08:51:02
36.9631633,-7.8844367,3,2024-05-03 08:56:08
36.9631383,-7.8844383,3,2024-05-03 09:01:14
36.9631183,-7.8843483,3,2024-05-03 09:06:19
36.963105,-7.88445,3,2024-05-03 09:11:24
36.9631483,-7.8843433,3,2024-05-03 09:16:29
36.96311,-7.8843833,3,2024-05-03 09:28:05
36.963035,-7.8843533,3,2024-05-03 09:33:09
36.963125,-7.884405,3,2024-05-03 09:38:13
36.9630383,-7.8844533,3,2024-05-03 09:43:16
36.963215,-7.8846317,3,2024-05-03 09:48:19
36.9630067,-7.8844583,3,2024-05-03 09:53:24
36.9630817,-7.88436,3,2024-05-03 09:58:28
36.963155,-7.8844083,3,2024-05-03 10:03:33
36.9631883,-7.8844583,3,2024-05-03 10:08:37
36.9631617,-7.88464,3,2024-05-03 10:13:40
36.9632467,-7.8845467,3,2024-05-03 10:18:44
36.9631967,-7.8845433,3,2024-05-03 10:23:48
36.963245,-7.88448,3,2024-05-03 10:28:51
36.9635017,-7.8847117,3,2024-05-03 10:33:55
36.9631033,-7.8842667,3,2024-05-03 10:38:58
36.963245,-7.8845017,3,2024-05-03 10:44:05
36.9631167,-7.88436,3,2024-05-03 10:49:08
36.96316,-7.8843833,3,2024-05-03 10:54:13
36.9631467,-7.8844617,3,2024-05-03 10:59:18
36.96307,-7.8843467,3,2024-05-03 11:10:53
36.9630833,-7.8843933,3,2024-05-03 14:23:50
36.9630983,-7.884275,3,2024-05-03 14:35:25
36.9631417,-7.884375,3,2024-05-03 14:47:01
36.96321,-7.8838967,3,2024-05-03 14:52:04
36.9631133,-7.88435,3,2024-05-03 14:57:07
36.9631317,-7.8843733,3,2024-05-03 15:02:12
36.9631533,-7.8843333,3,2024-05-03 15:39:54
36.963105,-7.88436,3,2024-05-03 15:51:28
36.963155,-7.8843683,3,2024-05-03 16:03:03
36.9631383,-7.8842767,3,2024-05-03 16:08:07
36.9631533,-7.88446,3,2024-05-03 16:13:10
36.963145,-7.8843283,3,2024-05-03 16:18:13
36.9631333,-7.88437,3,2024-05-03 16:23:17
36.9630817,-7.8843917,3,2024-05-03 16:28:21
36.9631767,-7.8843217,3,2024-05-03 16:33:24
36.9631517,-7.8842983,3,2024-05-03 16:38:27
36.9631567,-7.88432,3,2024-05-03 16:43:32
36.9612667,-7.8839067,3,2024-05-03 16:48:38
36.9615717,-7.8841967,3,2024-05-03 16:53:43
36.9630783,-7.8845933,3,2024-05-03 16:58:49
36.9631017,-7.8843667,3,2024-05-03 17:03:54
36.9631183,-7.8843533,3,2024-05-03 17:08:59
36.96314,-7.884275,3,2024-05-03 17:14:02
36.963045,-7.8843817,3,2024-05-03 17:19:09
36.9631317,-7.8842967,3,2024-05-03 17:24:14
36.9629767,-7.8843783,3,2024-05-03 17:29:22
36.9630967,-7.884345,3,2024-05-03 17:34:28
36.9631267,-7.8843183,3,2024-05-03 17:40:11
36.963105,-7.8843433,3,2024-05-03 17:45:14
36.963215,-7.8844033,3,2024-05-03 17:50:16
36.963105,-7.8843283,3,2024-05-03 17:55:20
36.9631017,-7.884425,3,2024-05-03 18:00:23
36.9631567,-7.884295,3,2024-05-03 18:05:27
36.9630767,-7.8843383,3,2024-05-03 18:10:31
36.9630233,-7.8843733,3,2024-05-03 18:15:35
36.9630217,-7.88435,3,2024-05-03 18:20:39
36.9630967,-7.8843783,3,2024-05-03 18:25:45
36.9630967,-7.8843083,3,2024-05-03 18:30:48
36.963025,-7.884445,3,2024-05-03 18:35:52
36.9631,-7.8843617,3,2024-05-03 18:40:55
36.9630583,-7.8843833,3,2024-05-03 18:45:58
36.96307,-7.884485,3,2024-05-03 18:51:02
36.963105,-7.8844367,3,2024-05-03 18:56:06
36.96312,-7.884375,3,2024-05-03 19:01:09
36.96309,-7.8844483,3,2024-05-03 19:06:12
36.9631283,-7.88441,3,2024-05-03 19:11:15
36.963095,-7.8843383,3,2024-05-03 19:16:20
36.9631633,-7.8844433,3,2024-05-03 19:21:24
36.963105,-7.8843717,3,2024-05-03 19:26:28
36.9631083,-7.8843683,3,2024-05-03 19:31:33
36.9630533,-7.8843033,3,2024-05-03 19:36:38
36.9630783,-7.8843567,3,2024-05-03 19:42:21
36.96318,-7.884435,3,2024-05-03 19:47:24
36.9630683,-7.884355,3,2024-05-03 19:52:27
36.9630617,-7.8843483,3,2024-05-03 19:57:32
36.963105,-7.884375,3,2024-05-03 20:02:35
36.9631067,-7.884355,3,2024-05-03 20:07:40
36.96311,-7.8843517,3,2024-05-03 20:12:45
36.9630767,-7.8843417,3,2024-05-03 20:17:49
36.963095,-7.88436,3,2024-05-03 20:22:54
36.96309,-7.8843633,3,2024-05-03 20:27:59
36.9631033,-7.884375,3,2024-05-03 20:33:03
36.9631083,-7.8843683,3,2024-05-03 20:38:07
36.9631217,-7.884325,3,2024-05-03 20:43:12
36.9631517,-7.8843533,3,2024-05-03 20:48:16
36.9631,-7.8843383,3,2024-05-03 20:53:21
36.9630917,-7.8843483,3,2024-05-03 20:58:25
36.96308,-7.8843167,3,2024-05-03 21:03:29
36.9631317,-7.884355,3,2024-05-03 21:08:35
36.9631283,-7.884315,3,2024-05-03 21:13:39
36.9631017,-7.8842833,3,2024-05-03 21:18:44
36.96314,-7.884345,3,2024-05-03 21:23:48
36.9630883,-7.88435,3,2024-05-03 21:28:53
36.9630883,-7.8843233,3,2024-05-03 21:33:57
36.9630783,-7.8843683,3,2024-05-03 21:39:03
36.9631067,-7.884365,3,2024-05-03 21:44:46
36.9631433,-7.8842917,3,2024-05-03 21:49:49
36.963205,-7.88422,3,2024-05-03 21:54:52
36.963135,-7.8843417,3,2024-05-03 21:59:55
36.9631217,-7.8843333,3,2024-05-03 22:05:00
36.9630133,-7.8842483,3,2024-05-03 22:10:03
36.9630983,-7.8843683,3,2024-05-03 22:15:06
36.9631033,-7.8843633,3,2024-05-03 22:20:09
36.9631467,-7.8843767,3,2024-05-03 22:25:15
36.9624433,-7.8834467,3,2024-05-03 22:30:25
36.9631633,-7.8844017,3,2024-05-03 22:35:30
36.9631767,-7.88443,3,2024-05-03 22:40:37
36.963205,-7.88438,3,2024-05-03 22:45:41
36.9631633,-7.8844283,3,2024-05-03 22:50:47
36.96323,-7.8844967,3,2024-05-03 22:55:53
36.9632133,-7.8844517,3,2024-05-03 23:01:00
36.9632067,-7.884415,3,2024-05-03 23:06:05
36.9631583,-7.8845217,3,2024-05-03 23:11:11
36.9632367,-7.8844217,3,2024-05-03 23:16:16
36.96321,-7.8843933,3,2024-05-03 23:21:22
36.9631433,-7.8843633,3,2024-05-03 23:26:28
36.9630867,-7.8843,3,2024-05-03 23:31:35
36.9610017,-7.884225,3,2024-05-03 23:36:41
36.96115,-7.88448,3,2024-05-03 23:41:47
36.961355,-7.88489,3,2024-05-03 23:47:30
36.9670683,-7.8860633,3,2024-05-03 23:52:34
36.96438,-7.8859067,3,2024-05-03 23:57:37
36.9617217,-7.8827633,3,2024-05-04 00:02:42
36.9610033,-7.8849533,3,2024-05-04 00:07:46
36.9616717,-7.8841833,3,2024-05-04 00:12:49
36.961175,-7.8847733,3,2024-05-04 00:17:53
36.9610617,-7.8849383,3,2024-05-04 00:22:58
36.9611533,-7.88477,3,2024-05-04 00:28:03
36.96127,-7.8845367,3,2024-05-04 00:33:08
36.9612483,-7.8845267,3,2024-05-04 00:38:13
36.9607817,-7.8845967,3,2024-05-04 00:43:19
36.9612117,-7.8843367,3,2024-05-04 00:48:24
36.9612683,-7.8842517,3,2024-05-04 00:53:32
36.9613483,-7.88367,3,2024-05-04 00:58:37
36.9614167,-7.8837083,3,2024-05-04 01:03:41
36.961425,-7.88371,3,2024-05-04 01:08:46
36.9602533,-7.8861333,3,2024-05-04 01:13:51
36.9606183,-7.8861317,3,2024-05-04 01:18:58
36.9672883,-7.8862817,3,2024-05-04 01:24:04
36.96704,-7.8858117,3,2024-05-04 01:29:11
36.967185,-7.8858733,3,2024-05-04 01:34:17
36.967055,-7.8855933,3,2024-05-04 01:39:25
36.96726,-7.8854333,3,2024-05-04 01:44:32
36.9678367,-7.884795,3,2024-05-04 01:50:15
36.9677267,-7.8842017,3,2024-05-04 01:55:19
36.9674833,-7.8835183,3,2024-05-04 02:00:22
36.9677617,-7.8837983,3,2024-05-04 02:05:26
36.9676617,-7.8831983,3,2024-05-04 02:10:30
36.9675367,-7.88195,3,2024-05-04 02:15:35
36.9676917,-7.8815467,3,2024-05-04 02:20:40
36.9614967,-7.8780467,3,2024-05-04 02:25:44
36.9621583,-7.8775867,3,2024-05-04 02:30:49
36.9627133,-7.87703,3,2024-05-04 02:35:54
36.9628717,-7.8791267,3,2024-05-04 02:40:58
36.9628267,-7.87844,3,2024-05-04 02:46:03
36.9630067,-7.8775067,3,2024-05-04 02:51:07
36.9632383,-7.8767133,3,2024-05-04 02:56:12
36.963115,-7.8761117,3,2024-05-04 03:01:15
36.96265,-7.8787983,3,2024-05-04 03:06:20
36.962785,-7.8780317,3,2024-05-04 03:11:24
36.96289,-7.8772383,3,2024-05-04 03:16:29
36.96296,-7.87657,3,2024-05-04 03:21:33
36.963075,-7.876045,3,2024-05-04 03:26:39
36.9631117,-7.8753833,3,2024-05-04 03:31:43
36.96311,-7.88435,3,2024-05-04 03:36:48
36.9630233,-7.8842367,3,2024-05-04 03:41:52
36.96313,-7.8842733,3,2024-05-04 03:46:57
36.9631133,-7.8843267,3,2024-05-04 03:52:40
36.9631817,-7.884355,3,2024-05-04 03:57:43
36.962765,-7.8845233,3,2024-05-04 04:02:47
36.963165,-7.8844,3,2024-05-04 04:07:51
36.9631017,-7.8842733,3,2024-05-04 04:12:54
36.96303,-7.8842617,3,2024-05-04 04:17:59
36.963125,-7.8843217,3,2024-05-04 04:23:03
36.9631367,-7.8843933,3,2024-05-04 04:28:07
36.9631067,-7.8843583,3,2024-05-04 04:33:11
36.9630783,-7.884295,3,2024-05-04 04:38:17
36.9630867,-7.8843683,3,2024-05-04 04:43:23
36.963135,-7.884335,3,2024-05-04 04:48:28
36.963095,-7.8843183,3,2024-05-04 04:53:33
36.9630867,-7.8843017,3,2024-05-04 04:58:37
36.96312,-7.8843367,3,2024-05-04 05:03:41
36.9630333,-7.88427,3,2024-05-04 05:08:46
36.96312,-7.8843467,3,2024-05-04 05:13:50
36.9630717,-7.884345,3,2024-05-04 05:18:55
36.9631717,-7.8843117,3,2024-05-04 05:23:59
36.963175,-7.8844617,3,2024-05-04 05:29:05
36.9632133,-7.88436,3,2024-05-04 05:34:11
36.96326,-7.8842967,3,2024-05-04 05:39:18
36.96319,-7.8843783,3,2024-05-04 05:44:24
36.96321,-7.8843517,3,2024-05-04 05:49:31
36.963105,-7.8843217,3,2024-05-04 05:55:13
36.9631133,-7.884245,3,2024-05-04 06:00:16
36.96333,-7.8841267,3,2024-05-04 06:05:20
36.9630767,-7.8842517,3,2024-05-04 06:10:24
36.9631317,-7.8842583,3,2024-05-04 06:15:29
36.96339,-7.884265,3,2024-05-04 06:20:32
36.9631133,-7.8843117,3,2024-05-04 06:25:36
36.9630733,-7.88432,3,2024-05-04 06:30:47
36.9631217,-7.884325,3,2024-05-04 06:35:52
36.9630967,-7.8843517,3,2024-05-04 06:40:58
36.963105,-7.8843333,3,2024-05-04 06:46:03
36.96297,-7.884005,3,2024-05-04 06:51:13
36.96308,-7.8843067,3,2024-05-04 06:56:18
36.9630783,-7.8842933,3,2024-05-04 07:01:22
36.96308,-7.8843167,3,2024-05-04 07:06:27
36.9630917,-7.8843267,3,2024-05-04 07:11:32
36.96308,-7.88431,3,2024-05-04 07:16:38
36.9630733,-7.8843283,3,2024-05-04 07:21:42
36.9631183,-7.8843533,3,2024-05-04 07:26:48
36.9631183,-7.8843483,3,2024-05-04 07:31:53
36.9630933,-7.8842933,3,2024-05-04 07:36:59
36.9630767,-7.8843583,3,2024-05-04 07:42:05
36.9630917,-7.88431,3,2024-05-04 07:47:14
36.9631317,-7.8843383,3,2024-05-04 07:52:24
36.9631083,-7.8843233,3,2024-05-04 07:58:07
36.9630967,-7.8843267,3,2024-05-04 08:03:11
36.96315,-7.8842283,3,2024-05-04 08:08:14
36.9632,-7.88439,3,2024-05-04 08:13:18
36.96311,-7.8843367,3,2024-05-04 08:18:22
36.9630817,-7.8843083,3,2024-05-04 08:23:27
36.9630867,-7.8843067,3,2024-05-04 08:28:33
36.963135,-7.8842667,3,2024-05-04 08:33:37
36.963055,-7.884345,3,2024-05-04 08:38:43
36.9630533,-7.8843167,3,2024-05-04 08:43:48
36.9630533,-7.884315,3,2024-05-04 08:48:53
36.9630567,-7.8843283,3,2024-05-04 08:54:01
36.96312,-7.8842467,3,2024-05-04 08:59:06
36.9630983,-7.8842533,3,2024-05-04 09:04:10
36.96308,-7.884295,3,2024-05-04 09:09:14
36.96307,-7.88429,3,2024-05-04 09:14:19
36.9630917,-7.884245,3,2024-05-04 09:19:23
36.9630433,-7.884285,3,2024-05-04 09:24:27
36.9631167,-7.8842783,3,2024-05-04 09:29:31
36.9630933,-7.8842567,3,2024-05-04 09:34:37
36.9630783,-7.8842883,3,2024-05-04 09:39:42
36.9630883,-7.8842167,3,2024-05-04 09:44:50
36.96311,-7.8842483,3,2024-05-04 09:49:57
36.9630683,-7.884225,3,2024-05-04 09:55:04
36.9630583,-7.88435,3,2024-05-04 10:13:11
36.9633133,-7.8844833,3,2024-05-04 10:18:19
36.9631167,-7.88436,3,2024-05-04 10:23:24
36.9630983,-7.884295,3,2024-05-04 10:28:29
36.9631683,-7.8843117,3,2024-05-04 10:33:33
36.9630717,-7.88436,3,2024-05-04 10:38:38
36.9631367,-7.8843483,3,2024-05-04 10:43:42
36.96314,-7.8843633,3,2024-05-04 10:48:46
36.9631017,-7.8843383,3,2024-05-04 10:53:51
36.9630517,-7.8844317,3,2024-05-04 10:58:55
36.9631167,-7.884375,3,2024-05-04 11:03:59
36.9631133,-7.8843283,3,2024-05-04 11:09:03
36.9631283,-7.88437,3,2024-05-04 11:14:08
36.9630983,-7.8843683,3,2024-05-04 11:19:12
36.9631333,-7.8843333,3,2024-05-04 11:24:17
36.9631217,-7.8843383,3,2024-05-04 11:29:21
36.96311,-7.8843117,3,2024-05-04 11:39:31
36.96309,-7.8843067,3,2024-05-04 11:44:37
36.9630767,-7.8843033,3,2024-05-04 11:49:42
36.96312,-7.8843033,3,2024-05-04 11:54:47
36.9630767,-7.8842517,3,2024-05-04 11:59:56
36.9631017,-7.8843133,3,2024-05-04 12:05:39
36.96312,-7.884365,3,2024-05-04 12:10:43
36.9631167,-7.8843483,3,2024-05-04 12:15:47
36.9631467,-7.88434,3,2024-05-04 12:20:51
36.963075,-7.8843717,3,2024-05-04 12:25:54
36.963145,-7.8843083,3,2024-05-04 12:30:58
36.9631167,-7.8843183,3,2024-05-04 12:36:05
36.9631183,-7.88431,3,2024-05-04 12:41:20
36.96314,-7.88429,3,2024-05-04 12:46:25
36.963175,-7.8843333,3,2024-05-04 12:51:28
36.9631267,-7.8843217,3,2024-05-04 12:56:38
36.96308,-7.8843417,3,2024-05-04 13:01:50
36.96318,-7.8844233,3,2024-05-04 13:06:57
36.9631667,-7.8844317,3,2024-05-04 13:12:02
36.9631317,-7.8844,3,2024-05-04 13:17:07
36.963125,-7.8843967,3,2024-05-04 13:22:12
36.963135,-7.8843883,3,2024-05-04 13:27:20
36.9631417,-7.88438,3,2024-05-04 13:32:27
36.9630867,-7.884305,3,2024-05-04 13:37:35
36.963175,-7.8845,3,2024-05-04 13:42:47
36.9630933,-7.8842967,3,2024-05-04 13:47:53
36.9630967,-7.8843167,3,2024-05-04 13:53:01
36.9631917,-7.884345,3,2024-05-04 13:58:07
36.96309,-7.8843083,3,2024-05-04 14:03:14
36.96317,-7.8843567,3,2024-05-04 14:08:57
36.9631367,-7.8843533,3,2024-05-04 14:14:00
36.96315,-7.8844017,3,2024-05-04 14:19:06
36.9631367,-7.8843817,3,2024-05-04 14:24:10
36.9631317,-7.8843367,3,2024-05-04 14:29:14
36.963135,-7.88439,3,2024-05-04 14:34:18
36.9631333,-7.88435,3,2024-05-04 14:39:25
36.9631833,-7.8843967,3,2024-05-04 14:44:30
36.9630867,-7.884325,3,2024-05-04 14:49:34
36.9631183,-7.8843733,3,2024-05-04 14:54:38
36.9631633,-7.8843467,3,2024-05-04 14:59:41
36.96314,-7.88436,3,2024-05-04 15:04:46
36.9630333,-7.8841383,3,2024-05-04 15:09:49
36.9632633,-7.88446,3,2024-05-04 15:14:52
36.9631417,-7.88436,3,2024-05-04 15:19:56
36.9631317,-7.8842917,3,2024-05-04 15:25:01
36.9631317,-7.8843067,3,2024-05-04 15:30:05
36.963155,-7.88438,3,2024-05-04 15:35:09
36.9631167,-7.8842833,3,2024-05-04 15:40:13
36.9631083,-7.8843817,3,2024-05-04 15:45:17
36.963125,-7.8843917,3,2024-05-04 15:50:22
36.96316,-7.8843917,3,2024-05-04 15:55:27
36.96316,-7.884405,3,2024-05-04 16:00:32
36.96315,-7.88436,3,2024-05-04 16:05:37
36.9631517,-7.884335,3,2024-05-04 16:11:20
36.9631167,-7.88439,3,2024-05-04 16:16:23
36.9631783,-7.88429,3,2024-05-04 16:21:27
36.9631717,-7.8843483,3,2024-05-04 16:26:31
36.9630933,-7.8843483,3,2024-05-04 16:31:34
36.9630983,-7.8843467,3,2024-05-04 16:36:41
36.963115,-7.8843467,3,2024-05-04 16:41:48
36.9631483,-7.884345,3,2024-05-04 16:46:55
36.9630367,-7.8844233,3,2024-05-04 16:52:01
36.9630317,-7.88441,3,2024-05-04 16:57:08
36.9630383,-7.8844317,3,2024-05-04 17:02:14
36.963005,-7.8844383,3,2024-05-04 17:07:23
36.96299,-7.884415,3,2024-05-04 17:12:30
36.962955,-7.8844517,3,2024-05-04 17:17:38
36.9629317,-7.884435,3,2024-05-04 17:22:48
36.9630083,-7.8843983,3,2024-05-04 17:27:56
36.96293,-7.88441,3,2024-05-04 17:33:05
36.962935,-7.8844517,3,2024-05-04 17:38:13
36.9629533,-7.8844467,3,2024-05-04 17:43:20
36.9629767,-7.88442,3,2024-05-04 17:48:28
36.9630267,-7.884405,3,2024-05-04 17:53:34
36.9630683,-7.8844017,3,2024-05-04 17:58:41
36.962985,-7.884385,3,2024-05-04 18:03:46
36.9630683,-7.8843117,3,2024-05-04 18:08:53
36.9630933,-7.8842383,3,2024-05-04 18:14:36
36.9631083,-7.8843367,3,2024-05-04 18:24:58
36.963175,-7.8843617,3,2024-05-04 18:30:01
36.9631267,-7.88442,3,2024-05-04 18:35:04
36.9631033,-7.8843467,3,2024-05-04 18:40:08
36.9630317,-7.884245,3,2024-05-04 18:45:12
36.9630933,-7.8843483,3,2024-05-04 18:50:15
36.9631033,-7.8843233,3,2024-05-04 18:55:19
36.9631017,-7.8843667,3,2024-05-04 19:00:24
36.9613067,-7.8844033,3,2024-05-04 19:05:27
36.96312,-7.8843017,3,2024-05-04 19:10:30
36.9631483,-7.88442,3,2024-05-04 19:15:34
36.963175,-7.8843517,3,2024-05-04 19:20:37
36.963105,-7.8843167,3,2024-05-04 19:25:40
36.9544083,-7.8811067,3,2024-05-04 19:30:43
36.92644,-7.8649433,3,2024-05-04 19:35:47
36.8997133,-7.8556283,3,2024-05-04 19:40:50
36.8896667,-7.8525583,3,2024-05-04 19:45:53
36.884175,-7.8494017,3,2024-05-04 19:50:56
36.85657,-7.8404833,3,2024-05-04 19:56:00
36.8314333,-7.8129217,3,2024-05-04 20:01:03
36.8311767,-7.8111917,3,2024-05-04 20:06:06
36.8312983,-7.8097583,3,2024-05-04 20:11:09
36.8312233,-7.808195,3,2024-05-04 20:16:52
36.8382,-7.80098,3,2024-05-04 20:21:55
36.838585,-7.7994517,3,2024-05-04 20:26:58
36.83883,-7.7984333,3,2024-05-04 20:32:01
36.8283067,-7.7969783,3,2024-05-04 20:37:07
36.8286433,-7.7955867,3,2024-05-04 20:42:14
36.8294267,-7.79543,3,2024-05-04 20:47:19
36.82843,-7.793325,3,2024-05-04 20:52:27
36.8278433,-7.7920917,3,2024-05-04 20:57:30
36.8272033,-7.790925,3,2024-05-04 21:02:45
36.8269233,-7.7927167,3,2024-05-04 21:08:25
36.8267083,-7.7918917,3,2024-05-04 21:13:37
36.8261133,-7.7904183,3,2024-05-04 21:18:40
36.8260117,-7.7900333,3,2024-05-04 21:23:53
36.8254133,-7.7886733,3,2024-05-04 21:28:57
36.8198667,-7.8050117,3,2024-05-04 21:34:08
36.8124767,-7.8281183,3,2024-05-04 21:39:19
36.803815,-7.8523633,3,2024-05-04 21:44:31
36.79972,-7.86941,3,2024-05-04 21:50:00
36.8032317,-7.8670683,3,2024-05-04 21:55:05
36.805155,-7.8638117,3,2024-05-04 22:00:08
36.8070167,-7.86125,3,2024-05-04 22:05:12
36.8095283,-7.8587133,3,2024-05-04 22:10:16
36.8118083,-7.8562317,3,2024-05-04 22:15:21
36.8146583,-7.85304,3,2024-05-04 22:21:04
36.81716,-7.8503833,3,2024-05-04 22:26:07
36.8197883,-7.847905,3,2024-05-04 22:31:10
36.8221283,-7.8453817,3,2024-05-04 22:36:13
36.8224783,-7.8441917,3,2024-05-04 22:41:17
36.8265,-7.8410833,3,2024-05-04 22:46:20
36.828645,-7.83877,3,2024-05-04 22:51:24
36.83017,-7.837145,3,2024-05-04 22:56:28
36.8333467,-7.83416,3,2024-05-04 23:01:32
36.83534,-7.8323417,3,2024-05-04 23:06:35
36.8449433,-7.8358583,3,2024-05-04 23:11:39
36.8449117,-7.8348067,3,2024-05-04 23:16:42
36.844465,-7.8334617,3,2024-05-04 23:21:46
36.8442033,-7.8323583,3,2024-05-04 23:26:49
36.844465,-7.8317483,3,2024-05-04 23:31:52
36.84422,-7.83067,3,2024-05-04 23:36:55
36.8439933,-7.8297517,3,2024-05-04 23:41:59
36.8440417,-7.8289267,3,2024-05-04 23:47:02
36.84379,-7.82797,3,2024-05-04 23:52:05
36.8435167,-7.8272633,3,2024-05-04 23:57:08
36.84316,-7.826125,3,2024-05-05 00:02:14
36.8347,-7.8303267,3,2024-05-05 00:07:20
36.834795,-7.8294883,3,2024-05-05 00:12:30
36.8350883,-7.8280467,3,2024-05-05 00:17:38
36.8352783,-7.8268417,3,2024-05-05 00:23:21
36.8355867,-7.8257483,3,2024-05-05 00:28:25
36.8357533,-7.8248833,3,2024-05-05 00:33:28
36.835905,-7.8239617,3,2024-05-05 00:38:31
36.8361033,-7.823205,3,2024-05-05 00:43:35
36.836255,-7.822465,3,2024-05-05 00:48:38
36.8364983,-7.82176,3,2024-05-05 00:53:41
36.8367167,-7.821105,3,2024-05-05 00:58:44
36.8369017,-7.8204433,3,2024-05-05 01:03:48
36.8371283,-7.819635,3,2024-05-05 01:08:51
36.8372733,-7.8190783,3,2024-05-05 01:13:54
36.8396233,-7.81737,3,2024-05-05 01:18:57
36.8479267,-7.8084917,3,2024-05-05 01:24:01
36.8483183,-7.8075033,3,2024-05-05 01:29:04
36.84877,-7.8063933,3,2024-05-05 01:34:07
36.8493067,-7.8054433,3,2024-05-05 01:39:10
36.84977,-7.8044083,3,2024-05-05 01:44:14
36.850075,-7.8034083,3,2024-05-05 01:49:17
36.8505983,-7.8024833,3,2024-05-05 01:54:21
36.8511317,-7.8017833,3,2024-05-05 01:59:24
36.8515167,-7.8009583,3,2024-05-05 02:04:29
36.8517817,-7.8001617,3,2024-05-05 02:09:35
36.8520917,-7.799185,3,2024-05-05 02:14:40
36.8525983,-7.7980883,3,2024-05-05 02:19:45
36.8531733,-7.7970433,3,2024-05-05 02:25:28
36.8536467,-7.7962483,3,2024-05-05 02:30:31
36.8536967,-7.7960967,3,2024-05-05 02:35:34
36.854435,-7.79458,3,2024-05-05 02:40:38
36.85492,-7.7936733,3,2024-05-05 02:45:41
36.8562883,-7.7909683,3,2024-05-05 02:50:45
36.861385,-7.77448,3,2024-05-05 02:55:48
36.8596717,-7.778645,3,2024-05-05 03:00:51
36.857325,-7.7821467,3,2024-05-05 03:05:55
36.8553783,-7.7851533,3,2024-05-05 03:10:58
36.85374,-7.786885,3,2024-05-05 03:16:02
36.85471,-7.7864683,3,2024-05-05 03:21:05
36.8767533,-7.7869567,3,2024-05-05 03:26:09
36.899495,-7.79584,3,2024-05-05 03:31:13
36.9232033,-7.801285,3,2024-05-05 03:36:16
36.943555,-7.8130883,3,2024-05-05 03:41:19
36.9552583,-7.83523,3,2024-05-05 03:46:24
36.9593067,-7.86082,3,2024-05-05 03:51:27
36.9596733,-7.8865083,3,2024-05-05 03:56:30
36.9596667,-7.8873267,3,2024-05-05 04:01:33
36.9631033,-7.884175,3,2024-05-05 04:06:37
36.9630517,-7.884495,3,2024-05-05 04:11:41
36.963135,-7.8843817,3,2024-05-05 04:16:44
36.9630617,-7.88424,3,2024-05-05 04:21:47
36.96306,-7.8844317,3,2024-05-05 04:27:30
36.9630983,-7.884385,3,2024-05-05 04:32:43
36.96304,-7.8843,3,2024-05-05 04:37:46
36.963065,-7.8843017,3,2024-05-05 04:43:00
36.9629383,-7.8842167,3,2024-05-05 04:48:10
36.9629983,-7.8842667,3,2024-05-05 04:53:20
36.9630767,-7.8843867,3,2024-05-05 04:58:31
36.9629067,-7.88417,3,2024-05-05 05:03:43
36.963355,-7.8846233,3,2024-05-05 05:08:52
36.9630067,-7.8842683,3,2024-05-05 05:13:58
36.9632183,-7.884535,3,2024-05-05 05:19:04
36.9631217,-7.88438,3,2024-05-05 05:24:12
36.9631083,-7.8844383,3,2024-05-05 05:29:24
36.9631017,-7.8843167,3,2024-05-05 05:35:00
36.9630917,-7.8843183,3,2024-05-05 05:40:07
36.9630983,-7.88431,3,2024-05-05 05:45:12
36.9631533,-7.8842083,3,2024-05-05 05:50:16
36.9631433,-7.8842517,3,2024-05-05 05:55:21
36.9631567,-7.8842383,3,2024-05-05 06:00:24
36.9631517,-7.884175,3,2024-05-05 06:05:27
36.9631333,-7.884275,3,2024-05-05 06:10:31
36.9630967,-7.884295,3,2024-05-05 06:15:36
36.9631133,-7.8842967,3,2024-05-05 06:20:41
36.9630517,-7.88436,3,2024-05-05 06:25:45
36.9631133,-7.884355,3,2024-05-05 06:31:28
36.9631383,-7.8843367,3,2024-05-05 06:36:31
36.9630767,-7.8842567,3,2024-05-05 06:41:34
36.9629667,-7.8842833,3,2024-05-05 06:46:37
36.96311,-7.884355,3,2024-05-05 06:51:40
36.963025,-7.8842717,3,2024-05-05 06:56:44
36.96305,-7.8842567,3,2024-05-05 07:01:47
36.9630317,-7.88427,3,2024-05-05 07:06:51
36.9630317,-7.88426,3,2024-05-05 07:11:56
36.9631117,-7.884415,3,2024-05-05 07:17:01
36.9630783,-7.8842817,3,2024-05-05 07:22:06
36.9630017,-7.8842583,3,2024-05-05 07:27:11
36.963105,-7.8843667,3,2024-05-05 07:32:16
36.963045,-7.8843117,3,2024-05-05 07:37:22
36.9630483,-7.884305,3,2024-05-05 07:42:28
36.963055,-7.884305,3,2024-05-05 07:47:33
36.963135,-7.8843883,3,2024-05-05 07:52:38
36.9631217,-7.8843567,3,2024-05-05 07:57:50
36.9632117,-7.8844467,3,2024-05-05 08:03:06
36.9634883,-7.8846583,3,2024-05-05 08:08:09
36.9631817,-7.884425,3,2024-05-05 08:13:28
36.963145,-7.8845383,3,2024-05-05 08:18:35
36.9630883,-7.884345,3,2024-05-05 08:23:41
36.9631117,-7.8843767,3,2024-05-05 08:28:46
36.9630717,-7.8843167,3,2024-05-05 08:34:29
36.9629933,-7.8842867,3,2024-05-05 08:39:31
36.9627683,-7.8842883,3,2024-05-05 08:44:33
36.96312,-7.88419,3,2024-05-05 08:49:37
36.9631283,-7.8842333,3,2024-05-05 08:54:40
36.9631017,-7.88424,3,2024-05-05 08:59:43
36.9631383,-7.88431,3,2024-05-05 09:04:47
36.963155,-7.8843,3,2024-05-05 09:09:53
36.9631033,-7.884245,3,2024-05-05 09:14:59
36.9631117,-7.88425,3,2024-05-05 09:20:03
36.9630883,-7.88431,3,2024-05-05 09:25:09
36.9631117,-7.8843117,3,2024-05-05 09:30:14
36.9631033,-7.8842717,3,2024-05-05 09:35:19
36.96309,-7.884295,3,2024-05-05 09:40:25
36.9631233,-7.88429,3,2024-05-05 09:45:30
36.9631017,-7.8842683,3,2024-05-05 09:50:33
36.96304,-7.8843467,3,2024-05-05 09:55:36
36.9630817,-7.8842183,3,2024-05-05 10:00:40
36.96309,-7.8843,3,2024-05-05 10:05:45
36.953055,-7.87877,3,2024-05-05 10:10:50
36.9535,-7.8620567,3,2024-05-05 10:15:55
36.9512683,-7.87116,3,2024-05-05 10:21:00
36.94982,-7.8769983,3,2024-05-05 10:26:07
36.95021,-7.876035,3,2024-05-05 10:31:15
36.950465,-7.8757167,3,2024-05-05 10:36:58
36.950645,-7.875125,3,2024-05-05 10:42:01
36.9632633,-7.8820867,3,2024-05-05 10:47:04
36.96318,-7.8844433,3,2024-05-05 10:52:07
36.9631767,-7.8843467,3,2024-05-05 10:57:12
36.96318,-7.88431,3,2024-05-05 11:02:16
36.9631867,-7.8843483,3,2024-05-05 11:07:20
36.963105,-7.8844133,3,2024-05-05 11:12:23
36.9631783,-7.8844617,3,2024-05-05 11:17:27
36.9631083,-7.8843167,3,2024-05-05 11:22:30
36.9631167,-7.8843033,3,2024-05-05 11:27:33
36.963155,-7.8842333,3,2024-05-05 11:32:37
36.96316,-7.8842383,3,2024-05-05 11:37:41
36.9631483,-7.884285,3,2024-05-05 11:42:44
36.963155,-7.884215,3,2024-05-05 11:47:48
36.9631633,-7.8841933,3,2024-05-05 11:52:52
36.963125,-7.8842633,3,2024-05-05 11:57:56
36.9631217,-7.8842533,3,2024-05-05 12:03:00
36.9631067,-7.884255,3,2024-05-05 12:08:03
36.963155,-7.88411,3,2024-05-05 12:13:07
36.9631617,-7.88412,3,2024-05-05 12:18:14
36.9631733,-7.8841383,3,2024-05-05 12:23:19
36.9631933,-7.8841833,3,2024-05-05 12:28:24
36.9631683,-7.8841017,3,2024-05-05 12:33:29
36.963135,-7.8843383,3,2024-05-05 12:39:12
36.9631817,-7.8844017,3,2024-05-05 12:44:15
36.9631083,-7.8843217,3,2024-05-05 12:49:19
36.9533567,-7.8804017,3,2024-05-05 12:54:23
36.9310883,-7.871385,3,2024-05-05 12:59:27
36.9173767,-7.8396117,3,2024-05-05 13:04:30
36.9329567,-7.8180017,3,2024-05-05 13:09:33
36.9342567,-7.817905,3,2024-05-05 13:14:36
36.9337983,-7.815295,3,2024-05-05 13:19:40
36.9340833,-7.813975,3,2024-05-05 13:24:43
36.9340517,-7.8124417,3,2024-05-05 13:29:47
36.9317017,-7.801405,3,2024-05-05 13:34:52
36.9263433,-7.7649933,3,2024-05-05 13:39:55
36.919125,-7.7542817,3,2024-05-05 13:44:59
36.91894,-7.7519433,3,2024-05-05 13:50:02
36.9180483,-7.7460383,3,2024-05-05 13:55:06
36.92798,-7.6951967,3,2024-05-05 14:00:10
36.9501033,-7.68577,3,2024-05-05 14:05:14
36.9738817,-7.702205,3,2024-05-05 14:10:19
36.9921817,-7.7231233,3,2024-05-05 14:15:23
37.006485,-7.7468583,3,2024-05-05 14:20:27
37.0075233,-7.7592917,3,2024-05-05 14:25:32
37.0082133,-7.7579183,3,2024-05-05 14:30:35
37.00773,-7.767015,3,2024-05-05 14:35:38
37.0088367,-7.7656317,3,2024-05-05 14:41:21
37.0084283,-7.7767067,3,2024-05-05 14:46:26
37.0023417,-7.798235,3,2024-05-05 14:51:31
36.9983417,-7.8161533,3,2024-05-05 14:56:38
36.9925383,-7.8345383,3,2024-05-05 15:01:44
36.98594,-7.8549183,3,2024-05-05 15:06:48
36.971635,-7.8689017,3,2024-05-05 15:11:53
36.9631433,-7.8843517,3,2024-05-05 15:16:57
36.9631433,-7.884375,3,2024-05-05 15:22:02
36.9632,-7.884325,3,2024-05-05 15:27:06
36.963255,-7.8844767,3,2024-05-05 15:32:11
36.9632217,-7.8843933,3,2024-05-05 15:37:15
36.963165,-7.8843267,3,2024-05-05 15:42:20
36.9632517,-7.88443,3,2024-05-05 15:47:24
36.9631133,-7.8843017,3,2024-05-05 15:52:29
36.96319,-7.8844067,3,2024-05-05 15:57:34
36.9631983,-7.8844533,3,2024-05-05 16:02:40
36.96318,-7.8843983,3,2024-05-05 16:07:44
36.963205,-7.88446,3,2024-05-05 16:12:48
36.9632067,-7.8844667,3,2024-05-05 16:17:53
36.9631717,-7.8843933,3,2024-05-05 16:22:58
36.9632083,-7.884475,3,2024-05-05 16:28:02
36.9631917,-7.88437,3,2024-05-05 16:33:07
36.9631933,-7.8844217,3,2024-05-05 16:38:11
36.96314,-7.8843017,3,2024-05-05 16:43:54
36.96315,-7.88424,3,2024-05-05 16:48:57
36.96314,-7.8843083,3,2024-05-05 16:54:04
36.9632117,-7.88427,3,2024-05-05 16:59:09
36.963145,-7.88435,3,2024-05-05 17:04:13
36.963105,-7.88433,3,2024-05-05 17:09:17
36.96317,-7.8843233,3,2024-05-05 17:14:23
36.9631817,-7.8843167,3,2024-05-05 17:19:29
36.9632417,-7.884325,3,2024-05-05 17:24:33
36.96323,-7.8843,3,2024-05-05 17:29:39
36.9632067,-7.8843483,3,2024-05-05 17:34:45
36.963225,-7.884245,3,2024-05-05 17:39:52
36.9631633,-7.8843317,3,2024-05-05 17:44:57
36.96321,-7.88431,3,2024-05-05 17:50:03
36.9632333,-7.8843167,3,2024-05-05 17:55:08
36.96322,-7.884325,3,2024-05-05 18:00:14
36.9631667,-7.8844067,3,2024-05-05 18:05:19
36.9631967,-7.8843267,3,2024-05-05 18:10:25
36.9631667,-7.8844267,3,2024-05-05 18:15:30
36.9631383,-7.8844283,3,2024-05-05 18:20:36
36.9631333,-7.8844133,3,2024-05-05 18:25:41
36.9631867,-7.884435,3,2024-05-05 18:30:48
36.9631517,-7.88438,3,2024-05-05 18:35:54
36.9631383,-7.8843983,3,2024-05-05 18:41:00
36.9630967,-7.8843433,3,2024-05-05 18:46:43
36.9631333,-7.8843917,3,2024-05-05 18:51:46
36.96313,-7.8843567,3,2024-05-05 18:56:50
36.963155,-7.8844067,3,2024-05-05 19:01:53
36.9630783,-7.8843567,3,2024-05-05 19:06:58
36.9631267,-7.88438,3,2024-05-05 19:12:03
36.963135,-7.8843767,3,2024-05-05 19:17:11
36.96312,-7.884385,3,2024-05-05 19:22:16
36.963125,-7.8843733,3,2024-05-05 19:27:20
36.9631083,-7.8843633,3,2024-05-05 19:32:28
36.96307,-7.8842967,3,2024-05-05 19:37:32
36.963105,-7.88436,3,2024-05-05 19:42:39
36.9632183,-7.8844833,3,2024-05-05 19:47:42
36.9630167,-7.8842433,3,2024-05-05 19:52:48
36.963,-7.8842,3,2024-05-05 19:57:51
36.9630217,-7.8842217,3,2024-05-05 20:02:58
36.9630767,-7.884275,3,2024-05-05 20:08:03
36.9630583,-7.8842733,3,2024-05-05 20:13:10
36.9630667,-7.8842533,3,2024-05-05 20:18:16
36.9630733,-7.8842567,3,2024-05-05 20:23:22
36.95968,-7.8842617,3,2024-05-05 20:28:29
36.963095,-7.8842583,3,2024-05-05 20:33:35
36.9631,-7.8842833,3,2024-05-05 20:38:42
36.96307,-7.8842083,3,2024-05-05 20:43:49
36.9631583,-7.8843267,3,2024-05-05 20:49:32
36.963195,-7.8843433,3,2024-05-05 20:54:35
36.9498467,-7.8823433,3,2024-05-05 20:59:38
36.9205083,-7.8773517,3,2024-05-05 21:04:41
36.8900967,-7.8577017,3,2024-05-05 21:09:45
36.8650817,-7.8130367,3,2024-05-05 21:14:48
36.86442,-7.7727283,3,2024-05-05 21:19:51
36.8661817,-7.7678317,3,2024-05-05 21:24:54
36.8673533,-7.7637517,3,2024-05-05 21:29:58
36.868055,-7.7599567,3,2024-05-05 21:35:01
36.87047,-7.7561183,3,2024-05-05 21:40:04
36.8719333,-7.75204,3,2024-05-05 21:45:07
36.8734983,-7.7481067,3,2024-05-05 21:50:11
36.8750067,-7.744015,3,2024-05-05 21:55:14
36.8763217,-7.740435,3,2024-05-05 22:00:17
36.8776717,-7.7360317,3,2024-05-05 22:05:20
36.8794383,-7.73175,3,2024-05-05 22:10:24
36.881035,-7.7277433,3,2024-05-05 22:15:27
36.8819567,-7.72339,3,2024-05-05 22:20:30
36.8832067,-7.7186583,3,2024-05-05 22:25:35
36.8845767,-7.7148017,3,2024-05-05 22:30:40
36.8858683,-7.7104917,3,2024-05-05 22:35:43
36.8869067,-7.7057933,3,2024-05-05 22:40:46
36.8878633,-7.7017817,3,2024-05-05 22:45:49
36.889035,-7.6967383,3,2024-05-05 22:51:32
36.8899717,-7.6918383,3,2024-05-05 22:56:36
36.8913,-7.6879667,3,2024-05-05 23:01:39
36.8916233,-7.6829267,3,2024-05-05 23:06:43
36.8927217,-7.6787317,3,2024-05-05 23:11:47
36.8939933,-7.6745883,3,2024-05-05 23:16:52
36.894585,-7.6698517,3,2024-05-05 23:21:55
36.8953867,-7.6656683,3,2024-05-05 23:27:00
36.8957483,-7.6610183,3,2024-05-05 23:32:07
36.8966167,-7.6573683,3,2024-05-05 23:37:12
36.8969867,-7.6530283,3,2024-05-05 23:42:16
36.8980083,-7.6485133,3,2024-05-05 23:47:20
36.8986133,-7.6443217,3,2024-05-05 23:52:26
36.8991217,-7.6399833,3,2024-05-05 23:57:31
36.8999133,-7.6355233,3,2024-05-06 00:02:37
36.9013533,-7.6392833,3,2024-05-06 00:07:41
36.9015467,-7.6407317,3,2024-05-06 00:12:47
36.901525,-7.63997,3,2024-05-06 00:17:53
36.900645,-7.6410017,3,2024-05-06 00:22:58
36.90053,-7.640305,3,2024-05-06 00:28:04
36.9004183,-7.639885,3,2024-05-06 00:33:10
36.900325,-7.6391133,3,2024-05-06 00:38:16
36.8998533,-7.6336767,3,2024-05-06 00:43:20
36.8973367,-7.6461767,3,2024-05-06 00:48:27
36.8984217,-7.6475483,3,2024-05-06 00:54:10
36.8981367,-7.6469183,3,2024-05-06 00:59:14
36.8977833,-7.6461933,3,2024-05-06 01:04:17
36.8974333,-7.6454367,3,2024-05-06 01:09:21
36.8971,-7.6446017,3,2024-05-06 01:14:24
36.8967883,-7.643915,3,2024-05-06 01:19:28
36.89651,-7.6428983,3,2024-05-06 01:24:34
36.8963117,-7.6424633,3,2024-05-06 01:29:39
36.895985,-7.642095,3,2024-05-06 01:34:44
36.89473,-7.642965,3,2024-05-06 01:39:49
36.894325,-7.6425833,3,2024-05-06 01:44:54
36.8941467,-7.6417733,3,2024-05-06 01:50:02
36.893705,-7.6411333,3,2024-05-06 01:55:08
36.8934383,-7.64065,3,2024-05-06 02:00:13
36.89298,-7.6405683,3,2024-05-06 02:05:19
36.8914067,-7.6450733,3,2024-05-06 02:10:26
36.8912283,-7.6447867,3,2024-05-06 02:15:33
36.8910667,-7.6445017,3,2024-05-06 02:20:42
36.8911883,-7.6502067,3,2024-05-06 02:25:52
36.9059,-7.6688367,3,2024-05-06 02:31:02
36.9215583,-7.690515,3,2024-05-06 02:36:10
36.93825,-7.7120033,3,2024-05-06 02:41:16
36.9535967,-7.7354283,3,2024-05-06 02:46:23
36.97309,-7.7572067,3,2024-05-06 02:51:28
36.981745,-7.7913183,3,2024-05-06 02:57:12
36.9802733,-7.82163,3,2024-05-06 03:02:16
36.96935,-7.8482483,3,2024-05-06 03:07:22
36.9615117,-7.87805,3,2024-05-06 03:12:27
36.9611267,-7.8811367,3,2024-05-06 03:17:31
36.9616033,-7.8805583,3,2024-05-06 03:22:35
36.9607683,-7.87985,3,2024-05-06 03:27:40
36.9609717,-7.8799067,3,2024-05-06 03:32:44
36.96149,-7.879595,3,2024-05-06 03:37:49
36.9616967,-7.879315,3,2024-05-06 03:42:53
36.967555,-7.8833917,3,2024-05-06 03:48:07
36.9631467,-7.8844933,3,2024-05-06 03:53:13
36.96323,-7.884355,3,2024-05-06 03:58:19
36.9632033,-7.88431,3,2024-05-06 04:03:26
36.9632167,-7.884325,3,2024-05-06 04:08:33
36.9632817,-7.8843233,3,2024-05-06 04:13:42
36.9630717,-7.8842983,3,2024-05-06 04:18:47
36.963205,-7.884385,3,2024-05-06 04:23:52
36.9631433,-7.8842983,3,2024-05-06 04:28:58
36.963165,-7.8842767,3,2024-05-06 04:34:02
36.963145,-7.8842383,3,2024-05-06 04:39:07
36.9631617,-7.884275,3,2024-05-06 04:44:11
36.9631883,-7.8842217,3,2024-05-06 04:49:15
36.963175,-7.8842467,3,2024-05-06 04:54:20
36.963145,-7.884325,3,2024-05-06 05:00:03
36.9631833,-7.88426,3,2024-05-06 05:05:06
36.963265,-7.8843133,3,2024-05-06 05:10:10
36.9631133,-7.8843067,3,2024-05-06 05:15:15
36.96313,-7.8842567,3,2024-05-06 05:20:20
36.963165,-7.8842233,3,2024-05-06 05:25:26
36.9631933,-7.8841417,3,2024-05-06 05:30:37
36.9632033,-7.884175,3,2024-05-06 05:35:43
36.963145,-7.8842283,3,2024-05-06 05:40:48
36.9631517,-7.8842283,3,2024-05-06 05:45:52
36.9632583,-7.8843817,3,2024-05-06 05:50:57
36.963155,-7.88423,3,2024-05-06 05:56:02
36.9629767,-7.8843717,3,2024-05-06 06:01:05
36.963105,-7.884285,3,2024-05-06 06:06:09
36.9630683,-7.8843483,3,2024-05-06 06:11:13
36.9631133,-7.8842267,3,2024-05-06 06:16:18
36.963075,-7.8843267,3,2024-05-06 06:21:22
36.9630917,-7.884325,3,2024-05-06 06:26:26
36.9630867,-7.8843367,3,2024-05-06 06:31:30
36.963125,-7.884275,3,2024-05-06 06:36:35
36.9631267,-7.8843383,3,2024-05-06 06:41:39
36.9631583,-7.8843567,3,2024-05-06 06:46:42
36.9631133,-7.8843167,3,2024-05-06 06:51:46
36.963115,-7.8843517,3,2024-05-06 06:56:51
36.9630983,-7.88432,3,2024-05-06 07:02:34
36.96313,-7.8843,3,2024-05-06 07:07:41
36.963,-7.8841617,3,2024-05-06 07:12:45
36.9631617,-7.88429,3,2024-05-06 07:17:50
36.9631517,-7.8843267,3,2024-05-06 07:22:54
36.963085,-7.8842883,3,2024-05-06 07:27:59
36.9631433,-7.884345,3,2024-05-06 07:33:05
36.9630583,-7.88429,3,2024-05-06 07:38:11
36.9631183,-7.8843317,3,2024-05-06 07:43:17
36.9631683,-7.8843867,3,2024-05-06 07:48:25
36.9631383,-7.884355,3,2024-05-06 07:53:30
36.963085,-7.884305,3,2024-05-06 07:58:36
36.9631217,-7.88438,3,2024-05-06 08:03:41
36.9630583,-7.88432,3,2024-05-06 08:08:47
36.9631633,-7.8844017,3,2024-05-06 08:13:51
36.9630417,-7.8843667,3,2024-05-06 08:18:55
36.9630267,-7.88439,3,2024-05-06 08:24:00
36.9630983,-7.8843517,3,2024-05-06 08:29:07
36.963075,-7.884285,3,2024-05-06 08:34:11
36.9630733,-7.8844,3,2024-05-06 08:39:17
36.9630267,-7.88434,3,2024-05-06 08:44:22
36.9630617,-7.8842517,3,2024-05-06 08:49:31
36.9630467,-7.8842533,3,2024-05-06 08:54:40
36.963045,-7.88425,3,2024-05-06 08:59:49
36.96306,-7.88436,3,2024-05-06 09:05:33
36.963095,-7.8842983,3,2024-05-06 09:10:36
36.9631933,-7.884465,3,2024-05-06 09:15:39
36.9631517,-7.8843533,3,2024-05-06 09:20:43
36.96311,-7.8843717,3,2024-05-06 09:25:49
36.96308,-7.8843417,3,2024-05-06 09:30:53
36.9630967,-7.8843417,3,2024-05-06 09:36:01
36.9631117,-7.884375,3,2024-05-06 09:41:07
36.9631617,-7.8845067,3,2024-05-06 09:46:10
36.9631967,-7.8844517,3,2024-05-06 09:51:15
36.9631183,-7.8843717,3,2024-05-06 09:56:22
36.9634433,-7.884255,3,2024-05-06 10:01:26
36.9631533,-7.8843817,3,2024-05-06 10:06:32
36.96318,-7.8844483,3,2024-05-06 10:11:37
36.963185,-7.8844267,3,2024-05-06 10:16:43
36.9631583,-7.8844033,3,2024-05-06 10:21:48
36.9632333,-7.8845017,3,2024-05-06 10:26:54
36.9630717,-7.8842883,3,2024-05-06 10:31:59
36.963115,-7.88431,3,2024-05-06 10:37:04
36.96314,-7.884385,3,2024-05-06 10:42:10
36.9631533,-7.8843767,3,2024-05-06 10:47:16
36.9631683,-7.8844083,3,2024-05-06 10:52:21
36.9631467,-7.88439,3,2024-05-06 10:57:26
36.96315,-7.8843883,3,2024-05-06 11:02:32
36.9631033,-7.8843283,3,2024-05-06 11:08:14
36.9631217,-7.8843217,3,2024-05-06 11:13:19
36.963165,-7.8841767,3,2024-05-06 11:18:23
36.9631933,-7.884205,3,2024-05-06 11:23:28
36.9631083,-7.8843433,3,2024-05-06 11:28:32
36.96312,-7.8843033,3,2024-05-06 11:33:35
36.9631383,-7.8842967,3,2024-05-06 11:38:39
36.9631367,-7.8843133,3,2024-05-06 11:43:44
36.9631367,-7.8843083,3,2024-05-06 11:48:48
36.96312,-7.8843033,3,2024-05-06 11:53:52
36.96317,-7.8843383,3,2024-05-06 11:58:57
36.9631467,-7.8842817,3,2024-05-06 12:04:01
36.963185,-7.884315,3,2024-05-06 12:09:06
36.9631417,-7.8843867,3,2024-05-06 12:14:11
36.963165,-7.8843,3,2024-05-06 12:19:16
36.9631417,-7.8843133,3,2024-05-06 12:24:21
36.9632117,-7.8843867,3,2024-05-06 12:29:25
36.9631817,-7.8843283,3,2024-05-06 12:34:30
36.9631617,-7.884255,3,2024-05-06 12:39:34
36.96312,-7.884375,3,2024-05-06 12:44:38
36.963115,-7.8843417,3,2024-05-06 12:49:42
36.9631283,-7.8843767,3,2024-05-06 12:54:47
36.9631867,-7.8844,3,2024-05-06 12:59:51
36.9630933,-7.884245,3,2024-05-06 13:04:55
36.9631017,-7.8843517,3,2024-05-06 13:10:38
36.9631467,-7.8844317,3,2024-05-06 13:15:43
36.9631617,-7.8844367,3,2024-05-06 13:20:51
36.96309,-7.88437,3,2024-05-06 13:25:57
36.96311,-7.8843733,3,2024-05-06 13:31:02
36.9631567,-7.8844233,3,2024-05-06 13:36:08
36.96313,-7.8843417,3,2024-05-06 13:41:14
36.9631583,-7.884415,3,2024-05-06 13:46:18
36.9631483,-7.8843983,3,2024-05-06 13:51:24
36.9631483,-7.8843717,3,2024-05-06 13:56:35
36.9630967,-7.8843667,3,2024-05-06 14:01:40
36.9630983,-7.884295,3,2024-05-06 14:06:45
36.9631167,-7.88439,3,2024-05-06 14:11:51
36.963195,-7.8843283,3,2024-05-06 14:16:56
36.963165,-7.8843617,3,2024-05-06 14:22:00
36.9632533,-7.8843033,3,2024-05-06 14:27:06
36.9631733,-7.8843133,3,2024-05-06 14:32:10
36.965425,-7.886325,3,2024-05-06 14:37:15
36.9673283,-7.894375,3,2024-05-06 14:42:20
36.968035,-7.8928367,3,2024-05-06 14:47:27
36.96632,-7.89447,3,2024-05-06 14:52:36
36.9663133,-7.89458,3,2024-05-06 14:57:50
36.96629,-7.8946667,3,2024-05-06 15:03:01
36.96629,-7.8944,3,2024-05-06 15:08:10
36.9662217,-7.8947333,3,2024-05-06 15:13:54
36.9662433,-7.8947917,3,2024-05-06 15:18:57
36.9662783,-7.8947617,3,2024-05-06 15:24:01
36.9662233,-7.8946717,3,2024-05-06 15:29:06
36.966275,-7.8947633,3,2024-05-06 15:34:11
36.9631633,-7.8843733,3,2024-05-06 15:39:15
36.9631383,-7.8844217,3,2024-05-06 15:44:21
36.9631767,-7.8845133,3,2024-05-06 15:49:26
36.9632167,-7.8844533,3,2024-05-06 15:54:35
36.9631633,-7.8844717,3,2024-05-06 15:59:40
36.963225,-7.8843933,3,2024-05-06 16:04:46
36.9632483,-7.884455,3,2024-05-06 16:09:52
36.963215,-7.8843467,3,2024-05-06 16:14:57
36.9632533,-7.884435,3,2024-05-06 16:20:01
36.9632967,-7.884365,3,2024-05-06 16:25:05
36.96327,-7.8844183,3,2024-05-06 16:30:09
36.9631933,-7.8843583,3,2024-05-06 16:35:15
36.9633533,-7.8843983,3,2024-05-06 16:40:20
36.9633633,-7.8843967,3,2024-05-06 16:45:25
36.963225,-7.8843183,3,2024-05-06 16:50:32
36.9634367,-7.8842683,3,2024-05-06 16:55:37
36.9633167,-7.8843617,3,2024-05-06 17:00:42
36.9634433,-7.884235,3,2024-05-06 17:05:50
36.9635217,-7.8842433,3,2024-05-06 17:10:57
36.96315,-7.8843433,3,2024-05-06 17:16:40
36.9630567,-7.8844267,3,2024-05-06 17:21:43
36.963155,-7.884295,3,2024-05-06 17:26:48
36.9631083,-7.8843533,3,2024-05-06 17:31:52
36.963095,-7.8843683,3,2024-05-06 17:36:57
36.9630483,-7.8843683,3,2024-05-06 17:42:01
36.9631083,-7.88432,3,2024-05-06 17:47:06
36.9631217,-7.8843233,3,2024-05-06 17:52:11
36.9630683,-7.8843967,3,2024-05-06 17:57:15
36.962995,-7.8844917,3,2024-05-06 18:02:19
36.9630583,-7.8843867,3,2024-05-06 18:07:22
36.9630683,-7.884425,3,2024-05-06 18:12:26
36.9630883,-7.8843533,3,2024-05-06 18:17:30
36.9631117,-7.884305,3,2024-05-06 18:22:33
36.9631,-7.8843383,3,2024-05-06 18:27:36
36.9630633,-7.8843983,3,2024-05-06 18:32:39
36.963085,-7.8843567,3,2024-05-06 18:37:43
36.96309,-7.8843683,3,2024-05-06 18:42:46
36.9631217,-7.8843967,3,2024-05-06 18:47:49
36.96317,-7.88444,3,2024-05-06 18:52:52
36.9631133,-7.8843917,3,2024-05-06 18:57:56
36.96309,-7.88437,3,2024-05-06 19:02:59
36.9631383,-7.8844083,3,2024-05-06 19:08:02
36.9631,-7.8844017,3,2024-05-06 19:13:05
36.963125,-7.8843733,3,2024-05-06 19:18:48
36.9630617,-7.8843283,3,2024-05-06 19:23:51
36.96311,-7.8844,3,2024-05-06 19:28:54
36.963115,-7.8843117,3,2024-05-06 19:33:57
36.9631183,-7.884355,3,2024-05-06 19:39:01
36.963105,-7.8843617,3,2024-05-06 19:44:05
36.9630633,-7.884385,3,2024-05-06 19:49:09
36.9630617,-7.8843133,3,2024-05-06 19:54:12
36.9631083,-7.8843917,3,2024-05-06 19:59:16
36.9631217,-7.8843233,3,2024-05-06 20:04:19
36.9631,-7.8842983,3,2024-05-06 20:09:22
36.9631117,-7.8843617,3,2024-05-06 20:14:25
36.9631033,-7.884365,3,2024-05-06 20:19:29
36.9631117,-7.8843517,3,2024-05-06 20:24:32
36.9631033,-7.8843367,3,2024-05-06 20:29:35
36.96312,-7.8841433,3,2024-05-06 20:34:38
36.96306,-7.884305,3,2024-05-06 20:39:42
36.9631833,-7.8845067,3,2024-05-06 20:44:45
36.9631267,-7.8843833,3,2024-05-06 20:49:48
36.9631533,-7.8842833,3,2024-05-06 20:54:52
36.963095,-7.8843567,3,2024-05-06 20:59:55
36.9631267,-7.8843817,3,2024-05-06 21:04:58
36.9631017,-7.8842967,3,2024-05-06 21:10:01
36.96307,-7.88435,3,2024-05-06 21:15:05
36.934985,-7.8829483,3,2024-05-06 21:20:48
36.9534,-7.88329,3,2024-05-06 21:25:50
36.963055,-7.8842683,3,2024-05-06 21:30:54
36.963145,-7.8843767,3,2024-05-06 21:35:58
36.963095,-7.8843433,3,2024-05-06 21:41:03
36.963205,-7.884425,3,2024-05-06 21:46:08
36.9630433,-7.8842867,3,2024-05-06 21:51:19
36.9631783,-7.8843733,3,2024-05-06 21:56:27
36.9630183,-7.8843017,3,2024-05-06 22:01:44
36.963185,-7.8843567,3,2024-05-06 22:06:54
36.9629767,-7.8842767,3,2024-05-06 22:12:07
36.96311,-7.8843567,3,2024-05-06 22:17:21
36.9631217,-7.8843817,3,2024-05-06 22:22:42
36.9631133,-7.8843817,3,2024-05-06 22:27:55
36.9631867,-7.8845217,3,2024-05-06 22:33:09
36.963195,-7.8844217,3,2024-05-06 22:38:14
36.9630383,-7.8843217,3,2024-05-06 22:43:25
36.963165,-7.884505,3,2024-05-06 22:48:32
36.9632017,-7.88453,3,2024-05-06 22:53:38
36.9630867,-7.8841717,3,2024-05-06 22:58:44
36.96314,-7.8844567,3,2024-05-06 23:03:52
36.96311,-7.88445,3,2024-05-06 23:09:00
36.9631,-7.88448,3,2024-05-06 23:14:11
36.96308,-7.8844833,3,2024-05-06 23:19:20
36.96311,-7.8843883,3,2024-05-06 23:25:03
36.9630783,-7.8844033,3,2024-05-06 23:30:09
36.9629817,-7.8843517,3,2024-05-06 23:35:12
36.9630833,-7.8843667,3,2024-05-06 23:40:16
36.963045,-7.8843217,3,2024-05-06 23:45:20
36.963175,-7.8843367,3,2024-05-06 23:50:25
36.9631333,-7.8843633,3,2024-05-06 23:55:30
36.9631167,-7.8842217,3,2024-05-07 00:00:34
36.9630933,-7.8843133,3,2024-05-07 00:05:40
36.9630667,-7.88433,3,2024-05-07 00:10:44
36.9630817,-7.8843867,3,2024-05-07 00:15:49
36.9630817,-7.884305,3,2024-05-07 00:20:53
36.963125,-7.8843217,3,2024-05-07 00:25:58
36.9630967,-7.8842767,3,2024-05-07 00:31:03
36.9630983,-7.88441,3,2024-05-07 00:36:08
36.9631067,-7.8843417,3,2024-05-07 00:41:13
36.9630683,-7.8842933,3,2024-05-07 00:46:17
36.96308,-7.8842933,3,2024-05-07 00:51:22
36.963025,-7.8842067,3,2024-05-07 00:56:27
36.9631333,-7.8843783,3,2024-05-07 01:01:32
36.9631017,-7.8841883,3,2024-05-07 01:06:38
36.963115,-7.8842233,3,2024-05-07 01:11:43
36.9631283,-7.8844017,3,2024-05-07 01:16:50
36.9630567,-7.88425,3,2024-05-07 01:21:55
36.963175,-7.8843733,3,2024-05-07 01:27:39
36.963125,-7.8843067,3,2024-05-07 01:32:43
36.963255,-7.8844567,3,2024-05-07 01:37:48
36.9631067,-7.8843117,3,2024-05-07 01:42:53
36.9630983,-7.8843183,3,2024-05-07 01:47:59
36.9635383,-7.88436,3,2024-05-07 01:53:03
36.963135,-7.8844483,3,2024-05-07 01:58:08
36.96315,-7.884405,3,2024-05-07 02:03:14
36.9631567,-7.8843833,3,2024-05-07 02:08:18
36.9630883,-7.88434,3,2024-05-07 02:13:22
36.9631033,-7.8843233,3,2024-05-07 02:18:26
36.9631817,-7.8843483,3,2024-05-07 02:23:29
36.9630383,-7.8844717,3,2024-05-07 02:28:32
36.9629783,-7.8844783,3,2024-05-07 02:33:36
36.9629983,-7.884565,3,2024-05-07 02:38:41
36.9535183,-7.8799983,3,2024-05-07 02:43:44
36.9534133,-7.88019,3,2024-05-07 02:48:49
36.9613633,-7.883395,3,2024-05-07 02:53:53
36.96176,-7.8814317,3,2024-05-07 02:58:57
36.9617633,-7.8816133,3,2024-05-07 03:04:01
36.9618217,-7.8816233,3,2024-05-07 03:09:06
36.961855,-7.8811167,3,2024-05-07 03:14:10
36.961785,-7.8812917,3,2024-05-07 03:19:14
36.96204,-7.8811617,3,2024-05-07 03:24:18
36.9622083,-7.8812583,3,2024-05-07 03:30:01
36.9632017,-7.8818183,3,2024-05-07 03:35:04
36.9686067,-7.884035,3,2024-05-07 03:40:08
36.9681533,-7.881525,3,2024-05-07 03:45:11
36.9683833,-7.88027,3,2024-05-07 03:50:15
36.9688333,-7.8795767,3,2024-05-07 03:55:19
36.96719,-7.8848083,3,2024-05-07 04:00:22
36.9671083,-7.8838367,3,2024-05-07 04:05:26
36.9611583,-7.879025,3,2024-05-07 04:10:30
36.9623133,-7.8779267,3,2024-05-07 04:15:34
36.9630867,-7.8844567,3,2024-05-07 04:20:40
36.9633783,-7.883935,3,2024-05-07 04:25:44
36.9613067,-7.882045,3,2024-05-07 04:30:49
36.9630967,-7.8844217,3,2024-05-07 04:35:52
36.9630467,-7.8843617,3,2024-05-07 04:40:56
36.9631383,-7.8843333,3,2024-05-07 04:46:00
36.9631467,-7.88432,3,2024-05-07 04:51:05
36.963105,-7.8842917,3,2024-05-07 04:56:09
36.9631283,-7.88437,3,2024-05-07 05:01:13
36.9631683,-7.884315,3,2024-05-07 05:06:17
36.963185,-7.8843017,3,2024-05-07 05:11:22
36.96324,-7.8843517,3,2024-05-07 05:16:26
36.9631633,-7.88434,3,2024-05-07 05:21:31
36.9632783,-7.8843317,3,2024-05-07 05:26:36
36.9630917,-7.88432,3,2024-05-07 05:32:19
36.9631,-7.88432,3,2024-05-07 05:37:23
36.96297,-7.8842167,3,2024-05-07 05:42:26
36.9631267,-7.8842917,3,2024-05-07 05:47:30
36.96309,-7.884405,3,2024-05-07 05:52:34
36.9630733,-7.88429,3,2024-05-07 05:57:38
36.9631033,-7.8843217,3,2024-05-07 06:02:46
36.9631133,-7.884275,3,2024-05-07 06:07:52
36.963075,-7.884425,3,2024-05-07 06:12:56
36.9630583,-7.8843667,3,2024-05-07 06:17:59
36.963085,-7.8842833,3,2024-05-07 06:23:06
36.9630967,-7.8842917,3,2024-05-07 06:28:11
36.963095,-7.8842833,3,2024-05-07 06:33:15
36.963055,-7.8843183,3,2024-05-07 06:38:19
36.9630283,-7.88423,3,2024-05-07 06:43:24
36.9630717,-7.8842683,3,2024-05-07 06:48:29
36.9630667,-7.8843983,3,2024-05-07 06:53:33
36.96303,-7.884295,3,2024-05-07 06:58:38
36.9629983,-7.8842067,3,2024-05-07 07:03:43
36.9629617,-7.8842217,3,2024-05-07 07:08:49
36.9630083,-7.8842717,3,2024-05-07 07:13:54
36.9629233,-7.884185,3,2024-05-07 07:18:59
36.9629767,-7.8842033,3,2024-05-07 07:24:04
36.9630083,-7.8842083,3,2024-05-07 07:29:10
36.963045,-7.8842183,3,2024-05-07 07:34:53
36.960285,-7.881535,3,2024-05-07 07:39:56
36.9476217,-7.8676433,3,2024-05-07 07:44:59
36.9432583,-7.850745,3,2024-05-07 07:50:02
36.9526617,-7.8345883,3,2024-05-07 07:55:07
36.95381,-7.80635,3,2024-05-07 08:00:11
36.9530233,-7.7793867,3,2024-05-07 08:05:15
36.9547767,-7.750265,3,2024-05-07 08:10:20
36.951625,-7.721105,3,2024-05-07 08:15:25
36.9438417,-7.688535,3,2024-05-07 08:20:31
36.9398567,-7.6570467,3,2024-05-07 08:25:36
36.9306483,-7.6271833,3,2024-05-07 08:30:42
36.9249233,-7.59905,3,2024-05-07 08:35:47
36.9249133,-7.5868267,3,2024-05-07 08:40:52
36.9229317,-7.5561333,3,2024-05-07 08:45:56
36.9229717,-7.5221867,3,2024-05-07 08:51:02
36.92689,-7.488135,3,2024-05-07 08:56:07
36.9259367,-7.4562,3,2024-05-07 09:01:13
36.9183133,-7.4212817,3,2024-05-07 09:06:18
36.9078717,-7.3855233,3,2024-05-07 09:11:24
36.8960083,-7.3470917,3,2024-05-07 09:16:29
36.885325,-7.3116967,3,2024-05-07 09:21:35
36.8746867,-7.273715,3,2024-05-07 09:26:40
36.8683333,-7.2337417,3,2024-05-07 09:31:46
36.8653883,-7.1971,3,2024-05-07 09:37:29
36.85424,-7.16077,3,2024-05-07 09:42:34
36.8686933,-7.1382983,3,2024-05-07 09:47:38
36.87082,-7.13992,3,2024-05-07 09:52:42
36.8709967,-7.11698,3,2024-05-07 09:57:46
36.871885,-7.1163833,3,2024-05-07 10:02:51
36.8813083,-7.09327,3,2024-05-07 10:07:59
36.8978217,-7.07672,3,2024-05-07 10:13:04
36.8982483,-7.0720033,3,2024-05-07 10:18:10
36.887075,-7.0801417,3,2024-05-07 10:23:15
36.8958817,-7.0669117,3,2024-05-07 10:28:21
36.896745,-7.0662517,3,2024-05-07 10:33:27
36.87986,-7.076745,3,2024-05-07 10:38:32
36.8792033,-7.0808017,3,2024-05-07 10:43:37
36.8792967,-7.086255,3,2024-05-07 10:48:42
36.8795783,-7.0912333,3,2024-05-07 10:53:48
36.8802883,-7.096985,3,2024-05-07 10:58:54
36.8793967,-7.099765,3,2024-05-07 11:04:05
36.8880767,-7.1123633,3,2024-05-07 11:09:16
36.890395,-7.1191267,3,2024-05-07 11:14:30
36.8907667,-7.1243317,3,2024-05-07 11:19:38
36.8903317,-7.1241633,3,2024-05-07 11:24:49
36.8858767,-7.127215,3,2024-05-07 11:30:01
36.8865283,-7.1296433,3,2024-05-07 11:35:12
36.8954583,-7.14582,3,2024-05-07 11:40:55
36.8960483,-7.1459317,3,2024-05-07 11:46:00
36.8961733,-7.14545,3,2024-05-07 11:51:03
36.8994783,-7.1580583,3,2024-05-07 11:56:07
36.9004617,-7.1626667,3,2024-05-07 12:01:13
36.9019817,-7.16837,3,2024-05-07 12:06:17
36.90155,-7.1684983,3,2024-05-07 12:11:22
36.9032867,-7.1754217,3,2024-05-07 12:16:27
36.9051933,-7.1808533,3,2024-05-07 12:21:33
36.904925,-7.1809133,3,2024-05-07 12:26:38
36.9045933,-7.18041,3,2024-05-07 12:31:45
36.9043067,-7.1802883,3,2024-05-07 12:36:52
36.9039083,-7.1803967,3,2024-05-07 12:42:01
36.903665,-7.1805267,3,2024-05-07 12:47:10
36.903445,-7.180745,3,2024-05-07 12:52:21
36.9030733,-7.1808267,3,2024-05-07 12:57:31
36.9027267,-7.181105,3,2024-05-07 13:02:44
36.9024317,-7.181175,3,2024-05-07 13:08:01
36.9023083,-7.18112,3,2024-05-07 13:13:04
36.90217,-7.181195,3,2024-05-07 13:18:07
36.9039883,-7.18627,3,2024-05-07 13:23:22
36.9123667,-7.221425,3,2024-05-07 13:28:26
36.91596,-7.2398,3,2024-05-07 13:33:30
36.9165117,-7.2452217,3,2024-05-07 13:38:34
36.91609,-7.2488633,3,2024-05-07 13:44:18
36.9141517,-7.2473367,3,2024-05-07 13:49:21
36.9134983,-7.246555,3,2024-05-07 13:54:24
36.9132583,-7.2461333,3,2024-05-07 13:59:27
36.9241233,-7.2476233,3,2024-05-07 14:04:31
36.9526433,-7.2591017,3,2024-05-07 14:09:35
36.95857,-7.29397,3,2024-05-07 14:14:38
36.9640867,-7.3309117,3,2024-05-07 14:19:41
36.9667667,-7.37069,3,2024-05-07 14:24:44
36.9777283,-7.4121183,3,2024-05-07 14:29:48
36.9885383,-7.4554083,3,2024-05-07 14:34:52
36.9980083,-7.50019,3,2024-05-07 14:39:56
37.0103233,-7.5350267,3,2024-05-07 14:45:00
37.0165933,-7.5575017,3,2024-05-07 14:50:05
37.0218267,-7.5883217,3,2024-05-07 14:55:09
37.027205,-7.6183733,3,2024-05-07 15:00:13
37.0299517,-7.649755,3,2024-05-07 15:05:18
37.0352467,-7.6800017,3,2024-05-07 15:10:23
37.03604,-7.71015,3,2024-05-07 15:15:27
37.0329917,-7.74463,3,2024-05-07 15:20:31
37.0247083,-7.7759767,3,2024-05-07 15:25:37
37.0242467,-7.7917867,3,2024-05-07 15:30:43
37.0012517,-7.8106067,3,2024-05-07 15:35:50
36.99281,-7.8219167,3,2024-05-07 15:41:00
36.980755,-7.84889,3,2024-05-07 15:46:43
36.9694517,-7.8782067,3,2024-05-07 15:51:50
36.9631333,-7.8838467,3,2024-05-07 15:56:54
36.9632483,-7.8845083,3,2024-05-07 16:02:03
36.96322,-7.88447,3,2024-05-07 16:07:13
36.9632183,-7.884415,3,2024-05-07 16:12:23
36.963205,-7.8844217,3,2024-05-07 16:17:31
36.9632167,-7.8844217,3,2024-05-07 16:22:37
36.9638,-7.8838617,3,2024-05-07 16:27:50
36.9627467,-7.8837067,3,2024-05-07 16:33:02
36.96295,-7.8841117,3,2024-05-07 16:38:07
36.9629533,-7.8841933,3,2024-05-07 16:43:12
36.96326,-7.8844117,3,2024-05-07 16:48:17
36.9633983,-7.8843717,3,2024-05-07 16:53:21
36.963385,-7.884395,3,2024-05-07 16:58:27
36.963295,-7.884185,3,2024-05-07 17:03:33
36.9635383,-7.8843,3,2024-05-07 17:08:38
36.9634517,-7.8843883,3,2024-05-07 17:13:44
36.9633467,-7.8844267,3,2024-05-07 17:18:55
36.9632983,-7.8844183,3,2024-05-07 17:24:01
36.9643367,-7.8826483,3,2024-05-07 17:29:13
36.9632133,-7.8846117,3,2024-05-07 17:34:18
36.963415,-7.8842,3,2024-05-07 17:39:23
36.963365,-7.8842667,3,2024-05-07 17:44:28
36.96314,-7.884325,3,2024-05-07 17:50:11
36.9630767,-7.884405,3,2024-05-07 17:55:14
36.9631267,-7.8843483,3,2024-05-07 18:00:18
36.9630783,-7.88434,3,2024-05-07 18:05:22
36.9630617,-7.884265,3,2024-05-07 18:10:26
36.9631133,-7.8844017,3,2024-05-07 18:15:30
36.9630917,-7.88431,3,2024-05-07 18:20:43
36.963105,-7.8843583,3,2024-05-07 18:25:48
36.9631,-7.8843283,3,2024-05-07 18:30:52
36.96308,-7.8843233,3,2024-05-07 18:35:56
36.9625033,-7.8837433,3,2024-05-07 18:41:07
36.96226,-7.8835283,3,2024-05-07 18:46:19
36.9630717,-7.8843967,3,2024-05-07 18:51:24
36.9631017,-7.8843383,3,2024-05-07 18:56:29
36.9631117,-7.8844,3,2024-05-07 19:01:33
36.9631317,-7.8843933,3,2024-05-07 19:06:37
36.9631617,-7.8844067,3,2024-05-07 19:11:41
36.963135,-7.884395,3,2024-05-07 19:16:46
36.96311,-7.8844,3,2024-05-07 19:21:50
36.9630867,-7.8843117,3,2024-05-07 19:26:54
36.963175,-7.8844667,3,2024-05-07 19:31:58
36.963155,-7.8844033,3,2024-05-07 19:37:03
36.9631633,-7.8844167,3,2024-05-07 19:42:08
36.96309,-7.88432,3,2024-05-07 19:47:13
36.9631167,-7.8843533,3,2024-05-07 19:52:56
36.9629833,-7.8845717,3,2024-05-07 19:57:58
36.9631583,-7.8844033,3,2024-05-07 20:03:01
36.9631467,-7.8843967,3,2024-05-07 20:08:06
36.96313,-7.8844233,3,2024-05-07 20:13:09
36.9631467,-7.8843533,3,2024-05-07 20:18:12
36.9631267,-7.884445,3,2024-05-07 20:23:16
36.9631467,-7.8843983,3,2024-05-07 20:28:20
36.9630917,-7.884385,3,2024-05-07 20:33:23
36.963125,-7.8843267,3,2024-05-07 20:38:26
36.963175,-7.8842,3,2024-05-07 20:43:29
36.96313,-7.8843633,3,2024-05-07 20:48:33
36.9631083,-7.8843483,3,2024-05-07 20:53:36
36.9636917,-7.8844917,3,2024-05-07 20:58:39
36.9596233,-7.88446,3,2024-05-07 21:03:42
36.9631733,-7.884245,3,2024-05-07 21:08:46
36.963085,-7.8844217,3,2024-05-07 21:13:49
36.9631017,-7.884425,3,2024-05-07 21:18:52
36.9631967,-7.8842333,3,2024-05-07 21:23:55
36.9632083,-7.8843617,3,2024-05-07 21:28:59
36.9631283,-7.8843683,3,2024-05-07 21:34:02
36.963225,-7.8843117,3,2024-05-07 21:39:05
36.9631217,-7.8843683,3,2024-05-07 21:44:10
36.9631467,-7.8843417,3,2024-05-07 21:49:14
36.9631783,-7.8843717,3,2024-05-07 21:54:57
36.9631383,-7.8844533,3,2024-05-07 22:00:01
36.9631217,-7.8843383,3,2024-05-07 22:05:05
36.95155,-7.8809033,3,2024-05-07 22:10:09
36.9116367,-7.87221,3,2024-05-07 22:15:14
36.8769183,-7.87237,3,2024-05-07 22:20:18
36.8475467,-7.88672,3,2024-05-07 22:25:23
36.8312217,-7.91196,3,2024-05-07 22:30:29
36.8227933,-7.9417117,3,2024-05-07 22:35:34
36.814745,-7.9707833,3,2024-05-07 22:40:40
36.8084167,-7.99999,3,2024-05-07 22:45:45
36.81128,-8.0136967,3,2024-05-07 22:50:52
36.812425,-8.0093983,3,2024-05-07 22:55:56
36.8135667,-8.00522,3,2024-05-07 23:01:00
36.8146633,-8.0007733,3,2024-05-07 23:06:05
36.8159467,-7.99667,3,2024-05-07 23:11:09
36.81723,-7.9922367,3,2024-05-07 23:16:14
36.82504,-7.9867567,3,2024-05-07 23:21:18
36.851585,-7.97984,3,2024-05-07 23:26:23
36.8794567,-7.977975,3,2024-05-07 23:31:27
36.90399,-7.9690933,3,2024-05-07 23:36:31
36.9308217,-7.96459,3,2024-05-07 23:41:36
36.9583517,-7.9600233,3,2024-05-07 23:46:40
36.96489,-7.9264217,3,2024-05-07 23:51:45
36.9603717,-7.899705,3,2024-05-07 23:57:28